{"count":1,"self":124.7119872,"total":130.468569,"children":{"InitializeActuators":{"count":6,"self":0.0014874999999999999,"total":0.0014874999999999999,"children":null},"InitializeSensors":{"count":6,"self":0.0014881999999999999,"total":0.0014881999999999999,"children":null},"AgentSendState":{"count":5139,"self":0.1053732,"total":0.32348099999999996,"children":{"CollectObservations":{"count":30829,"self":0.13737359999999998,"total":0.13737359999999998,"children":null},"WriteActionMask":{"count":30829,"self":0.024005699999999998,"total":0.024005699999999998,"children":null},"RequestDecision":{"count":30829,"self":0.056728499999999994,"total":0.056728499999999994,"children":null}}},"DecideAction":{"count":5139,"self":4.3670776,"total":4.3670776999999994,"children":null},"AgentAct":{"count":5139,"self":1.0625552999999999,"total":1.0625552999999999,"children":null}},"gauges":{},"metadata":{"timer_format_version":"0.1.0","start_time_seconds":"1666125292","unity_version":"2021.3.6f1","command_line_arguments":"B:\\UnityHubInstalls\\2021.3.6f1\\Editor\\Unity.exe -projectpath B:\/GitProjects\/VRMutliplayer -useHub -hubIPC -cloudEnvironment production -hubSessionId 3921f6d0-4f18-11ed-becc-ebc887c96c7e -accessToken QsbqkQ4sSU017yKkdEXL6Wm_CYYSDsV9kXyV68ZOhfM003f","communication_protocol_version":"1.5.0","com.unity.ml-agents_version":"2.0.1","scene_name":"Arena","end_time_seconds":"1666125423"}}