{"count":1,"self":327.7325824,"total":334.59279829999997,"children":{"InitializeActuators":{"count":2,"self":0.001984,"total":0.001984,"children":null},"InitializeSensors":{"count":2,"self":0.0014883,"total":0.0014883,"children":null},"AgentSendState":{"count":18154,"self":0.2058011,"total":0.6435915,"children":{"CollectObservations":{"count":36307,"self":0.31228269999999997,"total":0.31228269999999997,"children":null},"WriteActionMask":{"count":36307,"self":0.0430805,"total":0.0430805,"children":null},"RequestDecision":{"count":36307,"self":0.082427199999999992,"total":0.082427199999999992,"children":null}}},"DecideAction":{"count":18154,"self":6.0363083999999994,"total":6.0363083999999994,"children":null},"AgentAct":{"count":18154,"self":0.17635389999999998,"total":0.17635389999999998,"children":null}},"gauges":{},"metadata":{"timer_format_version":"0.1.0","start_time_seconds":"1663090229","unity_version":"2021.3.6f1","command_line_arguments":"B:\\UnityHubInstalls\\2021.3.6f1\\Editor\\Unity.exe -projectpath B:\/GitProjects\/VRMutliplayer -useHub -hubIPC -cloudEnvironment production -hubSessionId 27a50090-3362-11ed-9c68-55b11416730a -accessToken B7wvLUD_7m7tSkGix8RCXFF-BfGJrVt66pfHy4L8E7Y003f","communication_protocol_version":"1.5.0","com.unity.ml-agents_version":"2.0.1","scene_name":"Arena","end_time_seconds":"1663090564"}}