{"count":1,"self":20.9869488,"total":22.0538725,"children":{"InitializeActuators":{"count":6,"self":0.00099209999999999988,"total":0.00099209999999999988,"children":null},"InitializeSensors":{"count":6,"self":0.0014877999999999998,"total":0.0014877999999999998,"children":null},"AgentSendState":{"count":836,"self":0.0148779,"total":0.0609944,"children":{"CollectObservations":{"count":5011,"self":0.0252856,"total":0.0252856,"children":null},"WriteActionMask":{"count":5011,"self":0.0039692999999999994,"total":0.0039692999999999994,"children":null},"RequestDecision":{"count":5011,"self":0.0168616,"total":0.0168616,"children":null}}},"DecideAction":{"count":836,"self":0.66134419999999994,"total":0.66134419999999994,"children":null},"AgentAct":{"count":836,"self":0.3417826,"total":0.3417826,"children":null}},"gauges":{},"metadata":{"timer_format_version":"0.1.0","start_time_seconds":"1665664401","unity_version":"2021.3.6f1","command_line_arguments":"B:\\UnityHubInstalls\\2021.3.6f1\\Editor\\Unity.exe -projectpath B:\/GitProjects\/VRMutliplayer -useHub -hubIPC -cloudEnvironment production -hubSessionId 73770e40-4ae2-11ed-a9db-0ff9139666bc -accessToken 4nb4M1VsSoM_EvAQOHiEz2JZHpNloPwLOMhzDyFzELk003f","communication_protocol_version":"1.5.0","com.unity.ml-agents_version":"2.0.1","scene_name":"Arena","end_time_seconds":"1665664423"}}