{"count":1,"self":74.716947199999993,"total":77.603908199999992,"children":{"InitializeActuators":{"count":4,"self":0.0019839,"total":0.0019839,"children":null},"InitializeSensors":{"count":4,"self":0.0024779,"total":0.0024779,"children":null},"AgentSendState":{"count":4046,"self":0.064766999999999991,"total":0.21109909999999998,"children":{"CollectObservations":{"count":16181,"self":0.095556999999999989,"total":0.095556999999999989,"children":null},"WriteActionMask":{"count":16181,"self":0.015549499999999999,"total":0.015549499999999999,"children":null},"RequestDecision":{"count":16181,"self":0.035225599999999996,"total":0.035225599999999996,"children":null}}},"DecideAction":{"count":4046,"self":2.5590344,"total":2.5590345,"children":null},"AgentAct":{"count":4046,"self":0.11186689999999999,"total":0.11186689999999999,"children":null}},"gauges":{},"metadata":{"timer_format_version":"0.1.0","start_time_seconds":"1663548805","unity_version":"2021.3.6f1","command_line_arguments":"B:\\UnityHubInstalls\\2021.3.6f1\\Editor\\Unity.exe -projectpath B:\/GitProjects\/VRMutliplayer -useHub -hubIPC -cloudEnvironment production -hubSessionId 27e27ed0-3780-11ed-baa9-d7d7c7d8ef9f -accessToken NjkKsZb6mAsKzFVaRVnmCrnlx9-6N5CfQR7sDLfTt7k003f","communication_protocol_version":"1.5.0","com.unity.ml-agents_version":"2.0.1","scene_name":"Arena","end_time_seconds":"1663548883"}}