{"count":1,"self":284.62428159999996,"total":300.9890043,"children":{"InitializeActuators":{"count":6,"self":0.0014885,"total":0.0014885,"children":null},"InitializeSensors":{"count":6,"self":0.0019841999999999998,"total":0.0019841999999999998,"children":null},"AgentSendState":{"count":15919,"self":0.3452268,"total":1.0754230999999999,"children":{"CollectObservations":{"count":95509,"self":0.48963979999999996,"total":0.48963979999999996,"children":null},"WriteActionMask":{"count":95509,"self":0.076415799999999992,"total":0.076415799999999992,"children":null},"RequestDecision":{"count":95509,"self":0.1641407,"total":0.1641407,"children":null}}},"DecideAction":{"count":15919,"self":14.596323199999999,"total":14.5963224,"children":null},"AgentAct":{"count":15919,"self":0.6890094,"total":0.6890094,"children":null}},"gauges":{},"metadata":{"timer_format_version":"0.1.0","start_time_seconds":"1664910166","unity_version":"2021.3.6f1","command_line_arguments":"B:\\UnityHubInstalls\\2021.3.6f1\\Editor\\Unity.exe -projectpath B:\/GitProjects\/VRMutliplayer -useHub -hubIPC -cloudEnvironment production -hubSessionId bc8d0ce0-43dc-11ed-8cab-c54b732495aa -accessToken tlR_9kjjjNQlOexjkuYLlJCuazevgMf5CGSbJj2hXwk003f","communication_protocol_version":"1.5.0","com.unity.ml-agents_version":"2.0.1","scene_name":"Arena","end_time_seconds":"1664910467"}}