{"count":1,"self":287.76463359999997,"total":303.3674814,"children":{"InitializeActuators":{"count":6,"self":0.0014881,"total":0.0014881,"children":null},"InitializeSensors":{"count":6,"self":0.001488,"total":0.001488,"children":null},"AgentSendState":{"count":17048,"self":0.37432479999999996,"total":1.0961281999999999,"children":{"CollectObservations":{"count":102283,"self":0.4766666,"total":0.4766666,"children":null},"WriteActionMask":{"count":102283,"self":0.087317399999999989,"total":0.087317399999999989,"children":null},"RequestDecision":{"count":102283,"self":0.1578194,"total":0.1578194,"children":null}}},"DecideAction":{"count":17048,"self":14.0334528,"total":14.033452899999999,"children":null},"AgentAct":{"count":17048,"self":0.46979099999999996,"total":0.46979099999999996,"children":null}},"gauges":{},"metadata":{"timer_format_version":"0.1.0","start_time_seconds":"1667250209","unity_version":"2021.3.6f1","command_line_arguments":"B:\\UnityHubInstalls\\2021.3.6f1\\Editor\\Unity.exe -projectpath B:\/GitProjects\/VRMutliplayer_clone_0 -useHub -hubIPC -cloudEnvironment production -hubSessionId 26760b10-5941-11ed-9ca4-8bd3ed3c6645 -accessToken yTVwwN28MXrTylvT4SdmTYbusIn1eL9Y2T_IViUkgWk003f","communication_protocol_version":"1.5.0","com.unity.ml-agents_version":"2.0.1","scene_name":"Arena","end_time_seconds":"1667250512"}}