{"count":1,"self":90.5195648,"total":90.9385997,"children":{"InitializeActuators":{"count":6,"self":0.001488,"total":0.001488,"children":null},"InitializeSensors":{"count":6,"self":0.0019841999999999998,"total":0.0019841999999999998,"children":null},"AgentSendState":{"count":333,"self":0.0064487999999999993,"total":0.036268499999999995,"children":{"CollectObservations":{"count":1993,"self":0.012954199999999999,"total":0.012954199999999999,"children":null},"WriteActionMask":{"count":1993,"self":0.0024794,"total":0.0024794,"children":null},"RequestDecision":{"count":1993,"self":0.014386099999999999,"total":0.014386099999999999,"children":null}}},"DecideAction":{"count":333,"self":0.35722719999999997,"total":0.35722719999999997,"children":null},"AgentAct":{"count":333,"self":0.0215716,"total":0.0215716,"children":null}},"gauges":{},"metadata":{"timer_format_version":"0.1.0","start_time_seconds":"1666723098","unity_version":"2021.3.6f1","command_line_arguments":"B:\\UnityHubInstalls\\2021.3.6f1\\Editor\\Unity.exe -projectpath B:\/GitProjects\/VRMutliplayer -useHub -hubIPC -cloudEnvironment production -hubSessionId a8ed56b0-5465-11ed-bdde-518311f3f2a3 -accessToken GGs1uvIhmOXVXeePoz9sUftPp-aXLmQMjQbR1whl_yg003f","communication_protocol_version":"1.5.0","com.unity.ml-agents_version":"2.0.1","scene_name":"Arena","end_time_seconds":"1666723189"}}