{"count":1,"self":27.66704,"total":28.8266413,"children":{"InitializeActuators":{"count":6,"self":0.00099209999999999988,"total":0.00099209999999999988,"children":null},"InitializeSensors":{"count":6,"self":0.0014881999999999999,"total":0.0014881999999999999,"children":null},"AgentSendState":{"count":1243,"self":0.0285096,"total":0.1025335,"children":{"CollectObservations":{"count":7453,"self":0.0434603,"total":0.0434603,"children":null},"WriteActionMask":{"count":7453,"self":0.0079306999999999989,"total":0.0079306999999999989,"children":null},"RequestDecision":{"count":7453,"self":0.022632899999999997,"total":0.022632899999999997,"children":null}}},"DecideAction":{"count":1243,"self":1.0174211,"total":1.0174211,"children":null},"AgentAct":{"count":1243,"self":0.0366696,"total":0.0366696,"children":null}},"gauges":{},"metadata":{"timer_format_version":"0.1.0","start_time_seconds":"1666024626","unity_version":"2021.3.6f1","command_line_arguments":"B:\\UnityHubInstalls\\2021.3.6f1\\Editor\\Unity.exe -projectpath B:\/GitProjects\/VRMutliplayer -useHub -hubIPC -cloudEnvironment production -hubSessionId ec6d03f0-4e24-11ed-b453-9772fd6d68b0 -accessToken ENV5rGs_xwPQYOL_NLfeNTAOEMRZTLMtrBG64L6-QSU003f","communication_protocol_version":"1.5.0","com.unity.ml-agents_version":"2.0.1","scene_name":"Arena","end_time_seconds":"1666024655"}}