{"count":1,"self":434.02864639999996,"total":448.56429829999996,"children":{"InitializeActuators":{"count":2,"self":0.0014877,"total":0.0014877,"children":null},"InitializeSensors":{"count":2,"self":0.0014885999999999999,"total":0.0014885999999999999,"children":null},"AgentSendState":{"count":24459,"self":0.26980729999999997,"total":0.75686219999999993,"children":{"CollectObservations":{"count":48917,"self":0.281736,"total":0.281736,"children":null},"WriteActionMask":{"count":48917,"self":0.060512199999999995,"total":0.060512199999999995,"children":null},"RequestDecision":{"count":48917,"self":0.14480669999999998,"total":0.14480669999999998,"children":null}}},"DecideAction":{"count":24459,"self":13.6260368,"total":13.626036299999999,"children":null},"AgentAct":{"count":24459,"self":0.1493019,"total":0.1493019,"children":null}},"gauges":{},"metadata":{"timer_format_version":"0.1.0","start_time_seconds":"1660316441","unity_version":"2021.3.6f1","command_line_arguments":"B:\\UnityHubInstalls\\2021.3.6f1\\Editor\\Unity.exe -openfile B:\\GitProjects\\VRMutliplayer\\Assets\\Scenes\\FirstLevel.unity","communication_protocol_version":"1.5.0","com.unity.ml-agents_version":"2.0.1","scene_name":"FirstLevel","end_time_seconds":"1660316889"}}